<?xml version="1.0" encoding="UTF-8"?>

<beans xmlns="http://www.springframework.org/schema/beans"
	xmlns:xsi="http://www.w3.org/2001/XMLSchema-instance"
	xmlns:mvc="http://www.springframework.org/schema/mvc"
	xmlns:tx="http://www.springframework.org/schema/tx"
	xmlns:context="http://www.springframework.org/schema/context"
	xsi:schemaLocation="http://www.springframework.org/schema/mvc http://www.springframework.org/schema/mvc/spring-mvc.xsd
		http://www.springframework.org/schema/beans http://www.springframework.org/schema/beans/spring-beans.xsd
		http://www.springframework.org/schema/context http://www.springframework.org/schema/context/spring-context.xsd
		http://www.springframework.org/schema/tx 
	http://www.springframework.org/schema/tx/spring-tx-4.0.xsd">




	<mvc:annotation-driven />
	<!-- <bean id="transactionManager" class="org.springframework.transaction.jta.JtaTransactionManager" 
		/> -->

	<bean
		class="org.springframework.orm.jpa.support.PersistenceAnnotationBeanPostProcessor" />

	<tx:annotation-driven
		transaction-manager="transactionManager" />
	<context:component-scan base-package="com.bebo" />


	<!-- <bean id="dataSource"
		class="com.atomikos.jdbc.nonxa.AtomikosNonXADataSourceBean" init-method="init"
		destroy-method="close">
		<qualifier value="jmsRecoveryDatabaseSchema"/>
		<property name="uniqueResourceName">
			<value>XADS1</value>
		</property>
		<property name="driverClassName"
			value="com.mysql.jdbc.Driver">
		</property>
		<property name="user" value="demo" />
		<property name="password" value="demo" />
		<property name="url" value="jdbc:mysql://localhost:3306/test" />

		<property name="poolSize" value="10" />
		<property name="connectionTimeout" value="60" />
		<property name="testQuery" value="SELECT 1 FROM DUAL" />
	</bean> -->


	<bean id="jtaTransactionManager"
		class="com.atomikos.icatch.jta.UserTransactionManager"
		init-method="init" destroy-method="close">
		<property name="forceShutdown" value="true" />
	</bean>

<bean id="jtaUserTransaction" class="com.atomikos.icatch.jta.UserTransactionImp"/>

<bean id="transactionManager" class="org.springframework.orm.jpa.JpaTransactionManager">
    <!-- <property name="transactionManager" ref="jtaTransactionManager"/> -->
    <!-- <property name="userTransaction" ref="jtaUserTransaction"/> -->
    <property name="entityManagerFactory" ref="entityManagerFactory"/>
    <property name="dataSource" ref="dataSource"/>
</bean>

</beans>